"","season","team","conference","statName","statValue"
"1",2020,"Notre Dame","FBS Independents","passingTDs",15
"2",1936,"Notre Dame","FBS Independents","games",9
"3",2005,"Notre Dame","FBS Independents","passAttempts",454
"4",2019,"Notre Dame","FBS Independents","fourthDowns",25
"5",2004,"Notre Dame","FBS Independents","turnovers",16
"6",2017,"Notre Dame","FBS Independents","penaltyYards",633
"7",2013,"Notre Dame","FBS Independents","passCompletions",226
"8",2022,"Notre Dame","FBS Independents","kickReturnYards",347
"9",1967,"Notre Dame","FBS Independents","games",10
"10",1959,"Notre Dame","FBS Independents","games",10
"11",2005,"Notre Dame","FBS Independents","thirdDowns",184
"12",2010,"Notre Dame","FBS Independents","fumblesLost",8
"13",2009,"Notre Dame","FBS Independents","penalties",75
"14",2017,"Notre Dame","FBS Independents","turnovers",17
"15",2015,"Notre Dame","FBS Independents","thirdDowns",160
"16",2019,"Notre Dame","FBS Independents","sacks",47
"17",2018,"Notre Dame","FBS Independents","kickReturnTDs",0
"18",2017,"Notre Dame","FBS Independents","totalYards",5828
"19",2020,"Notre Dame","FBS Independents","interceptions",3
"20",2014,"Notre Dame","FBS Independents","puntReturnTDs",0
"21",2017,"Notre Dame","FBS Independents","possessionTime",21496
"22",2015,"Notre Dame","FBS Independents","passesIntercepted",9
"23",2012,"Notre Dame","FBS Independents","rushingYards",2462
"24",2004,"Notre Dame","FBS Independents","totalYards",4146
"25",2012,"Notre Dame","FBS Independents","interceptions",8
"26",2011,"Notre Dame","FBS Independents","interceptionYards",186
"27",2015,"Notre Dame","FBS Independents","interceptionYards",65
"28",2014,"Notre Dame","FBS Independents","interceptionYards",138
"29",2005,"Notre Dame","FBS Independents","fourthDowns",18
"30",2019,"Notre Dame","FBS Independents","passCompletions",253
"31",1899,"Notre Dame","FBS Independents","games",10
"32",2005,"Notre Dame","FBS Independents","puntReturnTDs",2
"33",1930,"Notre Dame","FBS Independents","games",10
"34",2019,"Notre Dame","FBS Independents","tacklesForLoss",139
"35",1947,"Notre Dame","FBS Independents","games",9
"36",2005,"Notre Dame","FBS Independents","passingTDs",32
"37",2020,"Notre Dame","FBS Independents","fumblesLost",8
"38",2015,"Notre Dame","FBS Independents","totalYards",6063
"39",1953,"Notre Dame","FBS Independents","games",10
"40",2023,"Notre Dame","FBS Independents","passAttempts",132
"41",2019,"Notre Dame","FBS Independents","penalties",84
"42",1986,"Notre Dame","FBS Independents","games",11
"43",2016,"Notre Dame","FBS Independents","sacks",14
"44",2010,"Notre Dame","FBS Independents","fumblesRecovered",7
"45",2013,"Notre Dame","FBS Independents","possessionTime",22672
"46",2018,"Notre Dame","FBS Independents","penaltyYards",596
"47",1935,"Notre Dame","FBS Independents","games",9
"48",2011,"Notre Dame","FBS Independents","kickReturnYards",1281
"49",1987,"Notre Dame","FBS Independents","games",12
"50",2023,"Notre Dame","FBS Independents","passCompletions",93
"51",2022,"Notre Dame","FBS Independents","fumblesRecovered",8
"52",2022,"Notre Dame","FBS Independents","totalYards",5151
"53",1939,"Notre Dame","FBS Independents","games",9
"54",2017,"Notre Dame","FBS Independents","passesIntercepted",10
"55",2007,"Notre Dame","FBS Independents","puntReturnYards",237
"56",2009,"Notre Dame","FBS Independents","interceptionYards",132
"57",2023,"Notre Dame","FBS Independents","puntReturnTDs",0
"58",2016,"Notre Dame","FBS Independents","thirdDownConversions",68
"59",1914,"Notre Dame","FBS Independents","games",8
"60",1913,"Notre Dame","FBS Independents","games",7
"61",2005,"Notre Dame","FBS Independents","fumblesLost",6
"62",1901,"Notre Dame","FBS Independents","games",10
"63",2012,"Notre Dame","FBS Independents","penalties",71
"64",2002,"Notre Dame","FBS Independents","games",13
"65",1977,"Notre Dame","FBS Independents","games",12
"66",2013,"Notre Dame","FBS Independents","penaltyYards",598
"67",2013,"Notre Dame","FBS Independents","fourthDownConversions",5
"68",2021,"Notre Dame","FBS Independents","thirdDowns",182
"69",2015,"Notre Dame","FBS Independents","passingTDs",25
"70",2007,"Notre Dame","FBS Independents","rushingTDs",11
"71",2010,"Notre Dame","FBS Independents","penaltyYards",531
"72",1970,"Notre Dame","FBS Independents","games",11
"73",1942,"Notre Dame","FBS Independents","games",11
"74",2010,"Notre Dame","FBS Independents","totalYards",4936
"75",2007,"Notre Dame","FBS Independents","interceptionTDs",2
"76",2005,"Notre Dame","FBS Independents","interceptionTDs",3
"77",2010,"Notre Dame","FBS Independents","passAttempts",481
"78",2019,"Notre Dame","FBS Independents","puntReturnTDs",0
"79",2012,"Notre Dame","FBS Independents","thirdDowns",177
"80",2004,"Notre Dame","FBS Independents","fourthDownConversions",4
"81",2018,"Notre Dame","FBS Independents","firstDowns",302
"82",2013,"Notre Dame","FBS Independents","passesIntercepted",13
"83",1971,"Notre Dame","FBS Independents","games",10
"84",2023,"Notre Dame","FBS Independents","games",12
"85",2022,"Notre Dame","FBS Independents","interceptionYards",132
"86",2011,"Notre Dame","FBS Independents","passAttempts",473
"87",2008,"Notre Dame","FBS Independents","thirdDownConversions",63
"88",2021,"Notre Dame","FBS Independents","passCompletions",289
"89",2008,"Notre Dame","FBS Independents","interceptions",17
"90",2017,"Notre Dame","FBS Independents","puntReturnYards",156
"91",2005,"Notre Dame","FBS Independents","netPassingYards",4107
"92",2013,"Notre Dame","FBS Independents","puntReturnTDs",0
"93",2010,"Notre Dame","FBS Independents","rushingAttempts",414
"94",2006,"Notre Dame","FBS Independents","passesIntercepted",11
"95",2011,"Notre Dame","FBS Independents","rushingAttempts",433
"96",2007,"Notre Dame","FBS Independents","fumblesLost",21
"97",2005,"Notre Dame","FBS Independents","interceptionYards",223
"98",2013,"Notre Dame","FBS Independents","thirdDownConversions",74
"99",2020,"Notre Dame","FBS Independents","tacklesForLoss",87
"100",2019,"Notre Dame","FBS Independents","netPassingYards",3278
"101",2011,"Notre Dame","FBS Independents","interceptions",17
"102",1989,"Notre Dame","FBS Independents","games",13
"103",2007,"Notre Dame","FBS Independents","possessionTime",12710
"104",2006,"Notre Dame","FBS Independents","puntReturnYards",169
"105",2017,"Notre Dame","FBS Independents","kickReturns",36
"106",2013,"Notre Dame","FBS Independents","netPassingYards",3313
"107",2016,"Notre Dame","FBS Independents","thirdDowns",168
"108",2015,"Notre Dame","FBS Independents","games",13
"109",1972,"Notre Dame","FBS Independents","games",11
"110",2018,"Notre Dame","FBS Independents","passCompletions",268
"111",2012,"Notre Dame","FBS Independents","puntReturnTDs",0
"112",2018,"Notre Dame","FBS Independents","rushingAttempts",533
"113",2021,"Notre Dame","FBS Independents","penaltyYards",642
"114",1981,"Notre Dame","FBS Independents","games",11
"115",2018,"Notre Dame","FBS Independents","puntReturns",23
"116",2021,"Notre Dame","FBS Independents","fourthDowns",17
"117",2018,"Notre Dame","FBS Independents","passingTDs",23
"118",2014,"Notre Dame","FBS Independents","rushingAttempts",484
"119",2008,"Notre Dame","FBS Independents","puntReturnTDs",1
"120",2015,"Notre Dame","FBS Independents","interceptions",10
"121",2004,"Notre Dame","FBS Independents","rushingTDs",16
"122",2016,"Notre Dame","FBS Independents","penaltyYards",638
"123",2022,"Notre Dame","FBS Independents","possessionTime",25092
"124",2012,"Notre Dame","FBS Independents","puntReturnYards",46
"125",1917,"Notre Dame","FBS Independents","games",8
"126",2022,"Notre Dame","FBS Independents","penaltyYards",550
"127",2007,"Notre Dame","FBS Independents","fourthDownConversions",19
"128",2016,"Notre Dame","FBS Independents","interceptions",9
"129",2020,"Notre Dame","FBS Independents","kickReturnTDs",0
"130",2016,"Notre Dame","FBS Independents","passingTDs",27
"131",2022,"Notre Dame","FBS Independents","firstDowns",281
"132",1937,"Notre Dame","FBS Independents","games",9
"133",2023,"Notre Dame","FBS Independents","sacks",7
"134",2020,"Notre Dame","FBS Independents","kickReturns",23
"135",2017,"Notre Dame","FBS Independents","thirdDownConversions",84
"136",2015,"Notre Dame","FBS Independents","puntReturnYards",215
"137",1915,"Notre Dame","FBS Independents","games",8
"138",2021,"Notre Dame","FBS Independents","rushingTDs",23
"139",2010,"Notre Dame","FBS Independents","rushingTDs",11
"140",1921,"Notre Dame","FBS Independents","games",11
"141",2008,"Notre Dame","FBS Independents","turnovers",30
"142",2011,"Notre Dame","FBS Independents","puntReturnTDs",0
"143",2022,"Notre Dame","FBS Independents","puntReturnYards",286
"144",2023,"Notre Dame","FBS Independents","passesIntercepted",5
"145",2018,"Notre Dame","FBS Independents","interceptionTDs",0
"146",2023,"Notre Dame","FBS Independents","netPassingYards",1392
"147",2017,"Notre Dame","FBS Independents","puntReturns",24
"148",2013,"Notre Dame","FBS Independents","firstDowns",267
"149",2007,"Notre Dame","FBS Independents","passCompletions",217
"150",1916,"Notre Dame","FBS Independents","games",9
"151",2008,"Notre Dame","FBS Independents","fumblesLost",13
"152",2018,"Notre Dame","FBS Independents","fourthDownConversions",16
"153",2017,"Notre Dame","FBS Independents","netPassingYards",2327
"154",1961,"Notre Dame","FBS Independents","games",10
"155",2009,"Notre Dame","FBS Independents","firstDowns",293
"156",2021,"Notre Dame","FBS Independents","totalYards",5540
"157",2009,"Notre Dame","FBS Independents","rushingAttempts",401
"158",1902,"Notre Dame","FBS Independents","games",9
"159",1946,"Notre Dame","FBS Independents","games",9
"160",2008,"Notre Dame","FBS Independents","totalYards",4616
"161",2007,"Notre Dame","FBS Independents","puntReturnTDs",0
"162",2019,"Notre Dame","FBS Independents","passesIntercepted",9
"163",2004,"Notre Dame","FBS Independents","passingTDs",17
"164",2012,"Notre Dame","FBS Independents","interceptionYards",172
"165",2012,"Notre Dame","FBS Independents","interceptionTDs",0
"166",2016,"Notre Dame","FBS Independents","kickReturns",38
"167",2009,"Notre Dame","FBS Independents","turnovers",14
"168",2021,"Notre Dame","FBS Independents","interceptions",10
"169",1957,"Notre Dame","FBS Independents","games",10
"170",2007,"Notre Dame","FBS Independents","netPassingYards",2441
"171",2007,"Notre Dame","FBS Independents","passAttempts",389
"172",2004,"Notre Dame","FBS Independents","possessionTime",13609
"173",1966,"Notre Dame","FBS Independents","games",10
"174",2020,"Notre Dame","FBS Independents","games",12
"175",2009,"Notre Dame","FBS Independents","penaltyYards",646
"176",2009,"Notre Dame","FBS Independents","games",12
"177",2023,"Notre Dame","FBS Independents","penalties",27
"178",2017,"Notre Dame","FBS Independents","thirdDowns",192
"179",2021,"Notre Dame","FBS Independents","firstDowns",289
"180",2022,"Notre Dame","FBS Independents","kickReturnTDs",0
"181",2004,"Notre Dame","FBS Independents","passAttempts",362
"182",2019,"Notre Dame","FBS Independents","interceptionTDs",1
"183",2022,"Notre Dame","FBS Independents","passingTDs",25
"184",2020,"Notre Dame","FBS Independents","passAttempts",362
"185",2005,"Notre Dame","FBS Independents","puntReturnYards",396
"186",2019,"Notre Dame","FBS Independents","penaltyYards",665
"187",2003,"Notre Dame","FBS Independents","games",12
"188",2008,"Notre Dame","FBS Independents","penalties",69
"189",2009,"Notre Dame","FBS Independents","passesIntercepted",12
"190",1923,"Notre Dame","FBS Independents","games",10
"191",2017,"Notre Dame","FBS Independents","fumblesRecovered",10
"192",1975,"Notre Dame","FBS Independents","games",11
"193",1933,"Notre Dame","FBS Independents","games",9
"194",2021,"Notre Dame","FBS Independents","passingTDs",30
"195",2010,"Notre Dame","FBS Independents","kickReturns",49
"196",2016,"Notre Dame","FBS Independents","netPassingYards",3051
"197",2006,"Notre Dame","FBS Independents","fourthDowns",33
"198",2016,"Notre Dame","FBS Independents","firstDowns",254
"199",2014,"Notre Dame","FBS Independents","rushingYards",2073
"200",2012,"Notre Dame","FBS Independents","possessionTime",24716
"201",2019,"Notre Dame","FBS Independents","fourthDownConversions",17
"202",2010,"Notre Dame","FBS Independents","fourthDownConversions",5
"203",2018,"Notre Dame","FBS Independents","fourthDowns",25
"204",2004,"Notre Dame","FBS Independents","interceptions",10
"205",2014,"Notre Dame","FBS Independents","fourthDowns",16
"206",2015,"Notre Dame","FBS Independents","fourthDowns",8
"207",2023,"Notre Dame","FBS Independents","rushingTDs",10
"208",2004,"Notre Dame","FBS Independents","fumblesLost",6
"209",2020,"Notre Dame","FBS Independents","interceptionYards",68
"210",2009,"Notre Dame","FBS Independents","fumblesRecovered",7
"211",2004,"Notre Dame","FBS Independents","netPassingYards",2760
"212",2007,"Notre Dame","FBS Independents","interceptionYards",206
"213",1922,"Notre Dame","FBS Independents","games",10
"214",2018,"Notre Dame","FBS Independents","tacklesForLoss",67
"215",2014,"Notre Dame","FBS Independents","thirdDownConversions",90
"216",2015,"Notre Dame","FBS Independents","puntReturnTDs",2
"217",2005,"Notre Dame","FBS Independents","penaltyYards",0
"218",2023,"Notre Dame","FBS Independents","totalYards",2386
"219",2014,"Notre Dame","FBS Independents","fourthDownConversions",8
"220",2022,"Notre Dame","FBS Independents","penalties",60
"221",2006,"Notre Dame","FBS Independents","rushingYards",1634
"222",2023,"Notre Dame","FBS Independents","thirdDownConversions",29
"223",2004,"Notre Dame","FBS Independents","fourthDowns",15
"224",1979,"Notre Dame","FBS Independents","games",11
"225",2022,"Notre Dame","FBS Independents","netPassingYards",2693
"226",2009,"Notre Dame","FBS Independents","kickReturns",50
"227",2016,"Notre Dame","FBS Independents","interceptionTDs",0
"228",2022,"Notre Dame","FBS Independents","games",13
"229",2012,"Notre Dame","FBS Independents","penaltyYards",550
"230",2020,"Notre Dame","FBS Independents","penaltyYards",456
"231",2015,"Notre Dame","FBS Independents","fourthDownConversions",5
"232",2014,"Notre Dame","FBS Independents","passingTDs",30
"233",2012,"Notre Dame","FBS Independents","passingTDs",14
"234",2016,"Notre Dame","FBS Independents","passCompletions",224
"235",2012,"Notre Dame","FBS Independents","kickReturnTDs",0
"236",2005,"Notre Dame","FBS Independents","fourthDownConversions",8
"237",2019,"Notre Dame","FBS Independents","rushingAttempts",472
"238",2006,"Notre Dame","FBS Independents","penaltyYards",695
"239",2014,"Notre Dame","FBS Independents","totalYards",5784
"240",1976,"Notre Dame","FBS Independents","games",12
"241",2013,"Notre Dame","FBS Independents","rushingAttempts",440
"242",2005,"Notre Dame","FBS Independents","rushingAttempts",491
"243",2015,"Notre Dame","FBS Independents","firstDowns",292
"244",2020,"Notre Dame","FBS Independents","sacks",29
"245",2021,"Notre Dame","FBS Independents","sacks",41
"246",2011,"Notre Dame","FBS Independents","fourthDowns",7
"247",2007,"Notre Dame","FBS Independents","passingTDs",12
"248",2013,"Notre Dame","FBS Independents","passAttempts",429
"249",2023,"Notre Dame","FBS Independents","passingTDs",16
"250",2016,"Notre Dame","FBS Independents","possessionTime",20830
"251",2018,"Notre Dame","FBS Independents","interceptionYards",159
"252",1929,"Notre Dame","FBS Independents","games",9
"253",2005,"Notre Dame","FBS Independents","totalYards",5728
"254",2011,"Notre Dame","FBS Independents","passingTDs",21
"255",2009,"Notre Dame","FBS Independents","puntReturnYards",232
"256",2017,"Notre Dame","FBS Independents","interceptions",10
"257",2007,"Notre Dame","FBS Independents","penalties",77
"258",2007,"Notre Dame","FBS Independents","games",12
"259",2012,"Notre Dame","FBS Independents","kickReturns",30
"260",2017,"Notre Dame","FBS Independents","fourthDownConversions",10
"261",2014,"Notre Dame","FBS Independents","firstDowns",309
"262",2022,"Notre Dame","FBS Independents","fourthDownConversions",7
"263",2008,"Notre Dame","FBS Independents","puntReturns",48
"264",2016,"Notre Dame","FBS Independents","passesIntercepted",8
"265",2009,"Notre Dame","FBS Independents","passingTDs",30
"266",2013,"Notre Dame","FBS Independents","passingTDs",27
"267",2019,"Notre Dame","FBS Independents","fumblesRecovered",27
"268",1991,"Notre Dame","FBS Independents","games",13
"269",2020,"Notre Dame","FBS Independents","interceptionTDs",0
"270",2023,"Notre Dame","FBS Independents","possessionTime",9535
"271",2022,"Notre Dame","FBS Independents","tacklesForLoss",78
"272",2022,"Notre Dame","FBS Independents","kickReturns",18
"273",2006,"Notre Dame","FBS Independents","interceptions",7
"274",2018,"Notre Dame","FBS Independents","passesIntercepted",12
"275",2014,"Notre Dame","FBS Independents","fumblesRecovered",7
"276",1919,"Notre Dame","FBS Independents","games",9
"277",2010,"Notre Dame","FBS Independents","passCompletions",285
"278",2010,"Notre Dame","FBS Independents","netPassingYards",3402
"279",2012,"Notre Dame","FBS Independents","fourthDownConversions",3
"280",2010,"Notre Dame","FBS Independents","games",13
"281",2009,"Notre Dame","FBS Independents","possessionTime",14053
"282",2005,"Notre Dame","FBS Independents","thirdDownConversions",86
"283",2012,"Notre Dame","FBS Independents","passesIntercepted",16
"284",2004,"Notre Dame","FBS Independents","passCompletions",195
"285",2023,"Notre Dame","FBS Independents","kickReturnYards",137
"286",2019,"Notre Dame","FBS Independents","puntReturns",24
"287",1900,"Notre Dame","FBS Independents","games",10
"288",2018,"Notre Dame","FBS Independents","kickReturns",14
"289",2019,"Notre Dame","FBS Independents","passAttempts",416
"290",2016,"Notre Dame","FBS Independents","rushingYards",1960
"291",1928,"Notre Dame","FBS Independents","games",9
"292",2010,"Notre Dame","FBS Independents","puntReturnYards",91
"293",1925,"Notre Dame","FBS Independents","games",10
"294",2011,"Notre Dame","FBS Independents","fumblesRecovered",6
"295",2008,"Notre Dame","FBS Independents","passCompletions",271
"296",2010,"Notre Dame","FBS Independents","firstDowns",259
"297",2021,"Notre Dame","FBS Independents","kickReturnYards",423
"298",1964,"Notre Dame","FBS Independents","games",10
"299",1944,"Notre Dame","FBS Independents","games",10
"300",1960,"Notre Dame","FBS Independents","games",10
"301",2015,"Notre Dame","FBS Independents","puntReturns",29
"302",2009,"Notre Dame","FBS Independents","passCompletions",301
"303",2014,"Notre Dame","FBS Independents","thirdDowns",191
"304",2011,"Notre Dame","FBS Independents","kickReturns",59
"305",2011,"Notre Dame","FBS Independents","possessionTime",14837
"306",2005,"Notre Dame","FBS Independents","puntReturns",36
"307",2011,"Notre Dame","FBS Independents","thirdDownConversions",81
"308",2006,"Notre Dame","FBS Independents","possessionTime",14581
"309",2013,"Notre Dame","FBS Independents","kickReturns",42
"310",2020,"Notre Dame","FBS Independents","thirdDowns",167
"311",2017,"Notre Dame","FBS Independents","firstDowns",273
"312",2010,"Notre Dame","FBS Independents","possessionTime",13826
"313",1952,"Notre Dame","FBS Independents","games",10
"314",2023,"Notre Dame","FBS Independents","fumblesRecovered",0
"315",2021,"Notre Dame","FBS Independents","passesIntercepted",15
"316",1954,"Notre Dame","FBS Independents","games",10
"317",2022,"Notre Dame","FBS Independents","passCompletions",211
"318",2018,"Notre Dame","FBS Independents","penalties",67
"319",2013,"Notre Dame","FBS Independents","fumblesRecovered",4
"320",2010,"Notre Dame","FBS Independents","interceptionYards",131
"321",2016,"Notre Dame","FBS Independents","kickReturnTDs",2
"322",2021,"Notre Dame","FBS Independents","rushingYards",1868
"323",2007,"Notre Dame","FBS Independents","fumblesRecovered",16
"324",2013,"Notre Dame","FBS Independents","interceptions",13
"325",2016,"Notre Dame","FBS Independents","tacklesForLoss",63
"326",1948,"Notre Dame","FBS Independents","games",10
"327",2010,"Notre Dame","FBS Independents","thirdDownConversions",69
"328",2004,"Notre Dame","FBS Independents","passesIntercepted",9
"329",2012,"Notre Dame","FBS Independents","fourthDowns",6
"330",2006,"Notre Dame","FBS Independents","rushingAttempts",423
"331",2014,"Notre Dame","FBS Independents","puntReturnYards",195
"332",2016,"Notre Dame","FBS Independents","turnovers",18
"333",2023,"Notre Dame","FBS Independents","fumblesLost",2
"334",2023,"Notre Dame","FBS Independents","rushingAttempts",178
"335",2005,"Notre Dame","FBS Independents","firstDowns",314
"336",2017,"Notre Dame","FBS Independents","rushingTDs",35
"337",2020,"Notre Dame","FBS Independents","netPassingYards",2849
"338",2012,"Notre Dame","FBS Independents","thirdDownConversions",82
"339",2008,"Notre Dame","FBS Independents","rushingYards",1426
"340",1993,"Notre Dame","FBS Independents","games",12
"341",2021,"Notre Dame","FBS Independents","interceptionYards",300
"342",2000,"Notre Dame","FBS Independents","games",12
"343",2020,"Notre Dame","FBS Independents","fourthDowns",17
"344",2005,"Notre Dame","FBS Independents","rushingTDs",21
"345",2014,"Notre Dame","FBS Independents","passesIntercepted",16
"346",2006,"Notre Dame","FBS Independents","penalties",87
"347",2011,"Notre Dame","FBS Independents","kickReturnTDs",2
"348",2013,"Notre Dame","FBS Independents","games",13
"349",2010,"Notre Dame","FBS Independents","rushingYards",1646
"350",2004,"Notre Dame","FBS Independents","puntReturnYards",358
"351",2015,"Notre Dame","FBS Independents","kickReturns",38
"352",2006,"Notre Dame","FBS Independents","passCompletions",290
"353",1956,"Notre Dame","FBS Independents","games",10
"354",2019,"Notre Dame","FBS Independents","rushingYards",2311
"355",2010,"Notre Dame","FBS Independents","interceptionTDs",1
"356",1941,"Notre Dame","FBS Independents","games",9
"357",2004,"Notre Dame","FBS Independents","fumblesRecovered",12
"358",2017,"Notre Dame","FBS Independents","penalties",75
"359",2007,"Notre Dame","FBS Independents","firstDowns",187
"360",2017,"Notre Dame","FBS Independents","puntReturnTDs",0
"361",2006,"Notre Dame","FBS Independents","thirdDowns",177
"362",2015,"Notre Dame","FBS Independents","interceptionTDs",1
"363",2021,"Notre Dame","FBS Independents","fumblesRecovered",12
"364",2012,"Notre Dame","FBS Independents","totalYards",5358
"365",2016,"Notre Dame","FBS Independents","interceptionYards",73
"366",2019,"Notre Dame","FBS Independents","thirdDownConversions",74
"367",2005,"Notre Dame","FBS Independents","games",12
"368",2009,"Notre Dame","FBS Independents","fourthDownConversions",9
"369",2023,"Notre Dame","FBS Independents","interceptionYards",33
"370",2015,"Notre Dame","FBS Independents","possessionTime",23106
"371",2019,"Notre Dame","FBS Independents","kickReturnTDs",0
"372",2012,"Notre Dame","FBS Independents","puntReturns",21
"373",2019,"Notre Dame","FBS Independents","kickReturnYards",403
"374",1945,"Notre Dame","FBS Independents","games",10
"375",2015,"Notre Dame","FBS Independents","fumblesRecovered",5
"376",2004,"Notre Dame","FBS Independents","puntReturnTDs",0
"377",2007,"Notre Dame","FBS Independents","puntReturns",35
"378",2009,"Notre Dame","FBS Independents","puntReturnTDs",1
"379",1965,"Notre Dame","FBS Independents","games",10
"380",2011,"Notre Dame","FBS Independents","totalYards",5369
"381",2008,"Notre Dame","FBS Independents","rushingAttempts",436
"382",2019,"Notre Dame","FBS Independents","turnovers",11
"383",2010,"Notre Dame","FBS Independents","turnovers",24
"384",2013,"Notre Dame","FBS Independents","kickReturnYards",998
"385",2009,"Notre Dame","FBS Independents","thirdDownConversions",64
"386",1938,"Notre Dame","FBS Independents","games",9
"387",2013,"Notre Dame","FBS Independents","turnovers",17
"388",2004,"Notre Dame","FBS Independents","rushingYards",1529
"389",1985,"Notre Dame","FBS Independents","games",11
"390",2016,"Notre Dame","FBS Independents","puntReturnTDs",0
"391",1934,"Notre Dame","FBS Independents","games",9
"392",2022,"Notre Dame","FBS Independents","thirdDowns",176
"393",2005,"Notre Dame","FBS Independents","fumblesRecovered",12
"394",2023,"Notre Dame","FBS Independents","puntReturnYards",47
"395",2021,"Notre Dame","FBS Independents","puntReturnYards",164
"396",2013,"Notre Dame","FBS Independents","penalties",73
"397",2011,"Notre Dame","FBS Independents","turnovers",29
"398",2013,"Notre Dame","FBS Independents","interceptionYards",93
"399",2014,"Notre Dame","FBS Independents","netPassingYards",3711
"400",2020,"Notre Dame","FBS Independents","possessionTime",24357
"401",2021,"Notre Dame","FBS Independents","puntReturnTDs",0
"402",2022,"Notre Dame","FBS Independents","rushingTDs",25
"403",1968,"Notre Dame","FBS Independents","games",10
"404",2019,"Notre Dame","FBS Independents","puntReturnYards",211
"405",2006,"Notre Dame","FBS Independents","firstDowns",279
"406",2013,"Notre Dame","FBS Independents","rushingYards",1963
"407",2013,"Notre Dame","FBS Independents","thirdDowns",176
"408",2018,"Notre Dame","FBS Independents","fumblesRecovered",9
"409",2010,"Notre Dame","FBS Independents","kickReturnTDs",0
"410",2022,"Notre Dame","FBS Independents","thirdDownConversions",83
"411",2011,"Notre Dame","FBS Independents","fourthDownConversions",6
"412",2008,"Notre Dame","FBS Independents","possessionTime",14841
"413",2011,"Notre Dame","FBS Independents","interceptionTDs",1
"414",2009,"Notre Dame","FBS Independents","interceptions",5
"415",2017,"Notre Dame","FBS Independents","sacks",24
"416",1927,"Notre Dame","FBS Independents","games",9
"417",2001,"Notre Dame","FBS Independents","games",11
"418",2010,"Notre Dame","FBS Independents","penalties",58
"419",2004,"Notre Dame","FBS Independents","thirdDowns",183
"420",2006,"Notre Dame","FBS Independents","puntReturns",33
"421",1950,"Notre Dame","FBS Independents","games",9
"422",2015,"Notre Dame","FBS Independents","passCompletions",241
"423",2004,"Notre Dame","FBS Independents","interceptionYards",201
"424",2017,"Notre Dame","FBS Independents","fourthDowns",18
"425",2014,"Notre Dame","FBS Independents","penalties",58
"426",2011,"Notre Dame","FBS Independents","firstDowns",308
"427",2020,"Notre Dame","FBS Independents","puntReturnYards",128
"428",2014,"Notre Dame","FBS Independents","games",13
"429",2007,"Notre Dame","FBS Independents","rushingAttempts",437
"430",2014,"Notre Dame","FBS Independents","kickReturnTDs",0
"431",2012,"Notre Dame","FBS Independents","fumblesLost",7
"432",2004,"Notre Dame","FBS Independents","penalties",0
"433",2007,"Notre Dame","FBS Independents","thirdDowns",193
"434",2016,"Notre Dame","FBS Independents","totalYards",5011
"435",2019,"Notre Dame","FBS Independents","kickReturns",29
"436",2015,"Notre Dame","FBS Independents","rushingTDs",29
"437",2020,"Notre Dame","FBS Independents","passCompletions",231
"438",2023,"Notre Dame","FBS Independents","kickReturns",7
"439",2023,"Notre Dame","FBS Independents","puntReturns",6
"440",2008,"Notre Dame","FBS Independents","passAttempts",447
"441",2010,"Notre Dame","FBS Independents","puntReturns",49
"442",2007,"Notre Dame","FBS Independents","penaltyYards",708
"443",2022,"Notre Dame","FBS Independents","sacks",37
"444",2015,"Notre Dame","FBS Independents","turnovers",20
"445",1978,"Notre Dame","FBS Independents","games",12
"446",2018,"Notre Dame","FBS Independents","games",13
"447",2019,"Notre Dame","FBS Independents","interceptionYards",107
"448",2021,"Notre Dame","FBS Independents","netPassingYards",3672
"449",2015,"Notre Dame","FBS Independents","passAttempts",385
"450",2020,"Notre Dame","FBS Independents","fumblesRecovered",10
"451",2016,"Notre Dame","FBS Independents","fourthDownConversions",13
"452",2012,"Notre Dame","FBS Independents","firstDowns",281
"453",2011,"Notre Dame","FBS Independents","puntReturns",46
"454",2011,"Notre Dame","FBS Independents","penaltyYards",758
"455",2022,"Notre Dame","FBS Independents","fourthDowns",16
"456",2016,"Notre Dame","FBS Independents","rushingTDs",18
"457",2008,"Notre Dame","FBS Independents","passesIntercepted",14
"458",2007,"Notre Dame","FBS Independents","passesIntercepted",11
"459",2011,"Notre Dame","FBS Independents","games",13
"460",2008,"Notre Dame","FBS Independents","firstDowns",249
"461",2021,"Notre Dame","FBS Independents","tacklesForLoss",84
"462",1924,"Notre Dame","FBS Independents","games",10
"463",2011,"Notre Dame","FBS Independents","puntReturnYards",48
"464",2017,"Notre Dame","FBS Independents","rushingAttempts",560
"465",1973,"Notre Dame","FBS Independents","games",11
"466",2020,"Notre Dame","FBS Independents","rushingYards",2537
"467",1918,"Notre Dame","FBS Independents","games",6
"468",1963,"Notre Dame","FBS Independents","games",9
"469",2009,"Notre Dame","FBS Independents","passAttempts",447
"470",2012,"Notre Dame","FBS Independents","turnovers",15
"471",2013,"Notre Dame","FBS Independents","interceptionTDs",3
"472",2006,"Notre Dame","FBS Independents","totalYards",5067
"473",2014,"Notre Dame","FBS Independents","turnovers",26
"474",1995,"Notre Dame","FBS Independents","games",12
"475",2015,"Notre Dame","FBS Independents","thirdDownConversions",68
"476",2009,"Notre Dame","FBS Independents","kickReturnYards",1085
"477",2010,"Notre Dame","FBS Independents","kickReturnYards",1038
"478",2021,"Notre Dame","FBS Independents","fourthDownConversions",9
"479",2018,"Notre Dame","FBS Independents","puntReturnTDs",0
"480",2011,"Notre Dame","FBS Independents","thirdDowns",174
"481",2020,"Notre Dame","FBS Independents","fourthDownConversions",11
"482",1926,"Notre Dame","FBS Independents","games",10
"483",2004,"Notre Dame","FBS Independents","penaltyYards",0
"484",2013,"Notre Dame","FBS Independents","fumblesLost",4
"485",2018,"Notre Dame","FBS Independents","kickReturnYards",257
"486",2017,"Notre Dame","FBS Independents","games",13
"487",2011,"Notre Dame","FBS Independents","penalties",82
"488",2017,"Notre Dame","FBS Independents","interceptionTDs",2
"489",2011,"Notre Dame","FBS Independents","rushingTDs",25
"490",2022,"Notre Dame","FBS Independents","passAttempts",338
"491",2020,"Notre Dame","FBS Independents","puntReturnTDs",2
"492",2005,"Notre Dame","FBS Independents","rushingYards",1765
"493",2012,"Notre Dame","FBS Independents","kickReturnYards",588
"494",2022,"Notre Dame","FBS Independents","turnovers",18
"495",2014,"Notre Dame","FBS Independents","passAttempts",463
"496",2018,"Notre Dame","FBS Independents","rushingYards",2376
"497",2018,"Notre Dame","FBS Independents","sacks",28
"498",2012,"Notre Dame","FBS Independents","games",13
"499",2023,"Notre Dame","FBS Independents","rushingYards",994
"500",2020,"Notre Dame","FBS Independents","kickReturnYards",492
"501",2012,"Notre Dame","FBS Independents","passAttempts",388
"502",2016,"Notre Dame","FBS Independents","puntReturnYards",191
"503",2014,"Notre Dame","FBS Independents","passCompletions",277
"504",2019,"Notre Dame","FBS Independents","rushingTDs",20
"505",2018,"Notre Dame","FBS Independents","thirdDowns",193
"506",2004,"Notre Dame","FBS Independents","puntReturns",36
"507",2010,"Notre Dame","FBS Independents","puntReturnTDs",1
"508",2017,"Notre Dame","FBS Independents","tacklesForLoss",72
"509",2006,"Notre Dame","FBS Independents","games",13
"510",2013,"Notre Dame","FBS Independents","fourthDowns",13
"511",2023,"Notre Dame","FBS Independents","turnovers",2
"512",2022,"Notre Dame","FBS Independents","rushingYards",2458
"513",2005,"Notre Dame","FBS Independents","passCompletions",294
"514",1998,"Notre Dame","FBS Independents","games",12
"515",2012,"Notre Dame","FBS Independents","rushingTDs",23
"516",2013,"Notre Dame","FBS Independents","kickReturnTDs",0
"517",2012,"Notre Dame","FBS Independents","fumblesRecovered",7
"518",2023,"Notre Dame","FBS Independents","thirdDowns",54
"519",2005,"Notre Dame","FBS Independents","possessionTime",14413
"520",2017,"Notre Dame","FBS Independents","fumblesLost",7
"521",2018,"Notre Dame","FBS Independents","rushingTDs",27
"522",1992,"Notre Dame","FBS Independents","games",12
"523",2016,"Notre Dame","FBS Independents","penalties",78
"524",2017,"Notre Dame","FBS Independents","interceptionYards",209
"525",1962,"Notre Dame","FBS Independents","games",10
"526",2022,"Notre Dame","FBS Independents","interceptionTDs",2
"527",2021,"Notre Dame","FBS Independents","rushingAttempts",451
"528",2011,"Notre Dame","FBS Independents","rushingYards",2085
"529",2004,"Notre Dame","FBS Independents","rushingAttempts",460
"530",2006,"Notre Dame","FBS Independents","interceptionTDs",1
"531",2009,"Notre Dame","FBS Independents","netPassingYards",4055
"532",1984,"Notre Dame","FBS Independents","games",12
"533",2020,"Notre Dame","FBS Independents","totalYards",5386
"534",2006,"Notre Dame","FBS Independents","interceptionYards",100
"535",2014,"Notre Dame","FBS Independents","interceptions",14
"536",2010,"Notre Dame","FBS Independents","passesIntercepted",18
"537",1974,"Notre Dame","FBS Independents","games",12
"538",2020,"Notre Dame","FBS Independents","thirdDownConversions",81
"539",2018,"Notre Dame","FBS Independents","fumblesLost",4
"540",1996,"Notre Dame","FBS Independents","games",11
"541",2022,"Notre Dame","FBS Independents","puntReturnTDs",1
"542",2016,"Notre Dame","FBS Independents","kickReturnYards",877
"543",2010,"Notre Dame","FBS Independents","thirdDowns",179
"544",2015,"Notre Dame","FBS Independents","fumblesLost",10
"545",2016,"Notre Dame","FBS Independents","fourthDowns",20
"546",2007,"Notre Dame","FBS Independents","interceptions",9
"547",2004,"Notre Dame","FBS Independents","firstDowns",217
"548",2012,"Notre Dame","FBS Independents","netPassingYards",2896
"549",2013,"Notre Dame","FBS Independents","rushingTDs",12
"550",2008,"Notre Dame","FBS Independents","rushingTDs",11
"551",2009,"Notre Dame","FBS Independents","puntReturns",40
"552",2017,"Notre Dame","FBS Independents","passAttempts",351
"553",2009,"Notre Dame","FBS Independents","rushingTDs",13
"554",2006,"Notre Dame","FBS Independents","puntReturnTDs",1
"555",1905,"Notre Dame","FBS Independents","games",9
"556",2019,"Notre Dame","FBS Independents","possessionTime",22220
"557",2008,"Notre Dame","FBS Independents","passingTDs",25
"558",2007,"Notre Dame","FBS Independents","totalYards",2907
"559",1983,"Notre Dame","FBS Independents","games",12
"560",2008,"Notre Dame","FBS Independents","fumblesRecovered",11
"561",2018,"Notre Dame","FBS Independents","puntReturnYards",220
"562",2018,"Notre Dame","FBS Independents","possessionTime",22638
"563",2006,"Notre Dame","FBS Independents","fumblesRecovered",10
"564",1980,"Notre Dame","FBS Independents","games",12
"565",2010,"Notre Dame","FBS Independents","fourthDowns",11
"566",2023,"Notre Dame","FBS Independents","firstDowns",114
"567",2022,"Notre Dame","FBS Independents","puntReturns",29
"568",1958,"Notre Dame","FBS Independents","games",10
"569",1994,"Notre Dame","FBS Independents","games",12
"570",2008,"Notre Dame","FBS Independents","puntReturnYards",232
"571",2023,"Notre Dame","FBS Independents","penaltyYards",250
"572",2021,"Notre Dame","FBS Independents","possessionTime",23316
"573",2019,"Notre Dame","FBS Independents","interceptions",6
"574",2022,"Notre Dame","FBS Independents","interceptions",11
"575",1997,"Notre Dame","FBS Independents","games",13
"576",2013,"Notre Dame","FBS Independents","puntReturnYards",106
"577",2010,"Notre Dame","FBS Independents","interceptions",16
"578",2011,"Notre Dame","FBS Independents","fumblesLost",12
"579",2012,"Notre Dame","FBS Independents","passCompletions",226
"580",2007,"Notre Dame","FBS Independents","fourthDowns",35
"581",2021,"Notre Dame","FBS Independents","turnovers",16
"582",2016,"Notre Dame","FBS Independents","fumblesLost",9
"583",2023,"Notre Dame","FBS Independents","interceptionTDs",1
"584",2008,"Notre Dame","FBS Independents","thirdDowns",181
"585",2016,"Notre Dame","FBS Independents","puntReturns",21
"586",2009,"Notre Dame","FBS Independents","interceptionTDs",0
"587",2006,"Notre Dame","FBS Independents","fourthDownConversions",19
"588",2007,"Notre Dame","FBS Independents","turnovers",30
"589",2022,"Notre Dame","FBS Independents","rushingAttempts",531
"590",2016,"Notre Dame","FBS Independents","games",12
"591",2005,"Notre Dame","FBS Independents","interceptions",8
"592",2015,"Notre Dame","FBS Independents","rushingAttempts",479
"593",2010,"Notre Dame","FBS Independents","passingTDs",28
"594",2020,"Notre Dame","FBS Independents","puntReturns",14
"595",2017,"Notre Dame","FBS Independents","passingTDs",20
"596",2009,"Notre Dame","FBS Independents","rushingYards",1539
"597",2019,"Notre Dame","FBS Independents","thirdDowns",185
"598",2014,"Notre Dame","FBS Independents","kickReturnYards",918
"599",2020,"Notre Dame","FBS Independents","firstDowns",290
"600",2004,"Notre Dame","FBS Independents","thirdDownConversions",67
"601",1931,"Notre Dame","FBS Independents","games",9
"602",2014,"Notre Dame","FBS Independents","possessionTime",23236
"603",2022,"Notre Dame","FBS Independents","passesIntercepted",10
"604",2014,"Notre Dame","FBS Independents","kickReturns",46
"605",1920,"Notre Dame","FBS Independents","games",9
"606",2018,"Notre Dame","FBS Independents","thirdDownConversions",83
"607",2008,"Notre Dame","FBS Independents","fourthDownConversions",11
"608",1982,"Notre Dame","FBS Independents","games",11
"609",2018,"Notre Dame","FBS Independents","passAttempts",418
"610",2017,"Notre Dame","FBS Independents","kickReturnYards",712
"611",2020,"Notre Dame","FBS Independents","passesIntercepted",7
"612",2021,"Notre Dame","FBS Independents","penalties",73
"613",1969,"Notre Dame","FBS Independents","games",11
"614",2015,"Notre Dame","FBS Independents","penalties",67
"615",2023,"Notre Dame","FBS Independents","fourthDownConversions",3
"616",1940,"Notre Dame","FBS Independents","games",9
"617",2017,"Notre Dame","FBS Independents","passCompletions",181
"618",2020,"Notre Dame","FBS Independents","penalties",53
"619",2019,"Notre Dame","FBS Independents","fumblesLost",5
"620",2015,"Notre Dame","FBS Independents","rushingYards",2699
"621",2021,"Notre Dame","FBS Independents","thirdDownConversions",77
"622",1932,"Notre Dame","FBS Independents","games",9
"623",2008,"Notre Dame","FBS Independents","penaltyYards",649
"624",2009,"Notre Dame","FBS Independents","thirdDowns",156
"625",2006,"Notre Dame","FBS Independents","passingTDs",37
"626",2007,"Notre Dame","FBS Independents","rushingYards",903
"627",2014,"Notre Dame","FBS Independents","puntReturns",27
"628",2021,"Notre Dame","FBS Independents","interceptionTDs",3
"629",2014,"Notre Dame","FBS Independents","rushingTDs",24
"630",2020,"Notre Dame","FBS Independents","turnovers",11
"631",2018,"Notre Dame","FBS Independents","turnovers",17
"632",2009,"Notre Dame","FBS Independents","fourthDowns",16
"633",2015,"Notre Dame","FBS Independents","netPassingYards",3364
"634",2011,"Notre Dame","FBS Independents","netPassingYards",3404
"635",2014,"Notre Dame","FBS Independents","interceptionTDs",0
"636",2005,"Notre Dame","FBS Independents","turnovers",14
"637",2009,"Notre Dame","FBS Independents","totalYards",5421
"638",2017,"Notre Dame","FBS Independents","kickReturnTDs",0
"639",2006,"Notre Dame","FBS Independents","rushingTDs",13
"640",1955,"Notre Dame","FBS Independents","games",10
"641",2006,"Notre Dame","FBS Independents","turnovers",15
"642",2023,"Notre Dame","FBS Independents","tacklesForLoss",19
"643",2014,"Notre Dame","FBS Independents","fumblesLost",12
"644",2016,"Notre Dame","FBS Independents","passAttempts",388
"645",2018,"Notre Dame","FBS Independents","netPassingYards",3347
"646",2015,"Notre Dame","FBS Independents","kickReturnYards",825
"647",2021,"Notre Dame","FBS Independents","fumblesLost",6
"648",2008,"Notre Dame","FBS Independents","netPassingYards",3380
"649",2019,"Notre Dame","FBS Independents","passingTDs",37
"650",2018,"Notre Dame","FBS Independents","interceptions",13
"651",2020,"Notre Dame","FBS Independents","rushingAttempts",506
"652",2011,"Notre Dame","FBS Independents","passCompletions",302
"653",2015,"Notre Dame","FBS Independents","kickReturnTDs",1
"654",2014,"Notre Dame","FBS Independents","penaltyYards",487
"655",2021,"Notre Dame","FBS Independents","passAttempts",450
"656",2021,"Notre Dame","FBS Independents","kickReturnTDs",1
"657",2005,"Notre Dame","FBS Independents","penalties",0
"658",2022,"Notre Dame","FBS Independents","fumblesLost",7
"659",2008,"Notre Dame","FBS Independents","interceptionTDs",1
"660",2008,"Notre Dame","FBS Independents","games",13
"661",2016,"Notre Dame","FBS Independents","fumblesRecovered",6
"662",1951,"Notre Dame","FBS Independents","games",10
"663",2015,"Notre Dame","FBS Independents","penaltyYards",586
"664",2021,"Notre Dame","FBS Independents","puntReturns",19
"665",2019,"Notre Dame","FBS Independents","firstDowns",272
"666",2006,"Notre Dame","FBS Independents","netPassingYards",3649
"667",2021,"Notre Dame","FBS Independents","games",13
"668",1904,"Notre Dame","FBS Independents","games",8
"669",1990,"Notre Dame","FBS Independents","games",12
"670",2009,"Notre Dame","FBS Independents","fumblesLost",9
"671",2018,"Notre Dame","FBS Independents","totalYards",5723
"672",2020,"Notre Dame","FBS Independents","rushingTDs",33
"673",1949,"Notre Dame","FBS Independents","games",10
"674",2004,"Notre Dame","FBS Independents","games",12
"675",1999,"Notre Dame","FBS Independents","games",12
"676",1943,"Notre Dame","FBS Independents","games",10
"677",2019,"Notre Dame","FBS Independents","games",13
"678",2009,"Notre Dame","FBS Independents","kickReturnTDs",0
"679",2013,"Notre Dame","FBS Independents","puntReturns",15
"680",2023,"Notre Dame","FBS Independents","interceptions",0
"681",2012,"Notre Dame","FBS Independents","rushingAttempts",506
"682",2013,"Notre Dame","FBS Independents","totalYards",5276
"683",2011,"Notre Dame","FBS Independents","passesIntercepted",8
"684",2017,"Notre Dame","FBS Independents","rushingYards",3501
"685",2008,"Notre Dame","FBS Independents","fourthDowns",30
"686",2005,"Notre Dame","FBS Independents","passesIntercepted",13
"687",2019,"Notre Dame","FBS Independents","totalYards",5589
"688",2008,"Notre Dame","FBS Independents","interceptionYards",228
"689",2023,"Notre Dame","FBS Independents","fourthDowns",5
"690",2006,"Notre Dame","FBS Independents","fumblesLost",8
"691",2004,"Notre Dame","FBS Independents","interceptionTDs",2
"692",1988,"Notre Dame","FBS Independents","games",12
"693",2007,"Notre Dame","FBS Independents","thirdDownConversions",60
"694",2016,"Notre Dame","FBS Independents","rushingAttempts",438
"695",2006,"Notre Dame","FBS Independents","passAttempts",471
"696",2006,"Notre Dame","FBS Independents","thirdDownConversions",70
"697",2021,"Notre Dame","FBS Independents","kickReturns",18
"698",2023,"Notre Dame","FBS Independents","kickReturnTDs",0
